<?xml version="1.0" encoding="UTF-8"?>
<documento fuente="Gramatica-Normativa-Kiche.pdf" paginas="30-31">
```xml
<documento fuente="Gramatica_pedagogica_Kiche.pdf">
    <metadata>
        <title>Gramática pedagógica K'iche'</title>
        <processed_pages>29, 30</processed_pages>
    </metadata>
    <pagina num="29">
        <titulo>Verbos transitivos derivados con movimiento</titulo>
        <interlinear_gloss>
            <paralel_phrase>
                <original>jate'ub'inisaj</original>
                <translation>que te vaya encaminar</translation>
            </paralel_phrase>
            <morpheme_analysis>
                <unit><form>j-</form><gloss>IMP</gloss></unit>
                <unit><form>at-</form><gloss>B2s</gloss></unit>
                <unit><form>e-</form><gloss>MOV</gloss></unit>
                <unit><form>u-</form><gloss>A3s</gloss></unit>
                <unit><form>b'in-</form><gloss>caminar</gloss></unit>
                <unit><form>isa-</form><gloss>DER</gloss></unit>
                <unit><form>-j</form><gloss>SC</gloss></unit>
            </morpheme_analysis>
        </interlinear_gloss>
        <seccion tipo="sufijos de categoría">
            <linea>se utilizan como indicadores de la clase del verbo al que</linea>
            <linea>acompañan.</linea>
        </seccion>
        <linea>Los verbos intransitivos utilizan el sufijo -ik, así:</linea>
        <interlinear_gloss>
            <paralel_phrase>
                <original>kinatinik</original>
                <translation>me baño</translation>
            </paralel_phrase>
            <morpheme_analysis>
                <unit><form>k-</form><gloss>INC</gloss></unit>
                <unit><form>in-</form><gloss>B1s</gloss></unit>
                <unit><form>atin-</form><gloss>bañar</gloss></unit>
                <unit><form>-ik</form><gloss>SC</gloss></unit>
            </morpheme_analysis>
        </interlinear_gloss>
        <linea>Los verbos transitivos radicales utilizan el sufijo –u cuando en la raíz llevan la vocal u y</linea>
        <linea>el sufijo -o en las demás vocales, así:</linea>
        <paralel_phrase>
            <original>kusu'u</original>
            <translation>lo limpia</translation>
        </paralel_phrase>
        <paralel_phrase>
            <original>xumu'u</original>
            <translation>lo remojó</translation>
        </paralel_phrase>
        <paralel_phrase>
            <original>xutijo</original>
            <translation>lo comió</translation>
        </paralel_phrase>
        <paralel_phrase>
            <original>xrilo</original>
            <translation>lo vió</translation>
        </paralel_phrase>
        <linea>Los verbos transitivos derivados utilizan el sufijo -j</linea>
        <paralel_phrase>
            <original>kratinisaj</original>
            <translation>lo baña</translation>
        </paralel_phrase>
        <paralel_phrase>
            <original>xub'inisaj</original>
            <translation>lo encaminó</translation>
        </paralel_phrase>
        <linea>Los verbos intransitivos imperativos con y sin movimiento utilizan el sufijo</linea>
        <linea>-oq, así:</linea>
        <seccion tipo="con movimiento"></seccion>
        <seccion tipo="sin movimiento"></seccion>
        <paralel_phrase>
            <original>jate'atinoq</original>
            <translation>anda a bañarte</translation>
        </paralel_phrase>
        <paralel_phrase>
            <original>chatatinoq</original>
            <translation>báñate</translation>
        </paralel_phrase>
        <paralel_phrase>
            <original>jixewa'oq</original>
            <translation>vayan a comer</translation>
        </paralel_phrase>
        <paralel_phrase>
            <original>chixwa'oq</original>
            <translation>coman</translation>
        </paralel_phrase>
        <linea>Los verbos transitivos imperativos con y sin movimiento utilizan los sufijos a' y u', así:</linea>
        <seccion tipo="con movimiento"></seccion>
        <seccion tipo="sin movimiento"></seccion>
        <paralel_phrase>
            <original>je'eqachapa'</original>
            <translation>vayamos a agarrarlos</translation>
        </paralel_phrase>
        <paralel_phrase>
            <original>che'qachapa'</original>
            <translation>que los agarremos</translation>
        </paralel_phrase>
        <paralel_phrase>
            <original>je'e'achupu'</original>
            <translation>que vaya a apagarlos</translation>
        </paralel_phrase>
        <paralel_phrase>
            <original>che'achupu'</original>
            <translation>que los apagues</translation>
        </paralel_phrase>
    </pagina>
    <pagina num="30">
        <seccion tipo="DERIVACION">
            <linea>Los afijos de derivación forman nuevas palabras en el idioma Maya K'iche' a través</linea>
            <linea>de cambiar la clase de la raíz o base a la cual se le agregan, o a través de cambiar su</linea>
            <linea>significado, así:</linea>
        </seccion>
        <seccion tipo="Derivación de un sustantivo">
            <interlinear_gloss>
                <paralel_phrase>
                    <original>chun</original>
                    <translation>cal</translation>
                </paralel_phrase>
                <morpheme_analysis>
                    <unit>
                        <form>chun</form>
                        <gloss>sustantivo</gloss>
                    </unit>
                </morpheme_analysis>
            </interlinear_gloss>
            <interlinear_gloss>
                <paralel_phrase>
                    <original>chunaj</original>
                    <translation>encalar</translation>
                </paralel_phrase>
                <morpheme_analysis>
                    <unit>
                        <form>chunaj</form>
                        <gloss>verbo transitivo</gloss>
                    </unit>
                </morpheme_analysis>
            </interlinear_gloss>
            <interlinear_gloss>
                <paralel_phrase>
                    <original>chunab'al</original>
                    <translation>instrumento</translation>
                </paralel_phrase>
                <morpheme_analysis>
                    <unit>
                        <form>chunab'al</form>
                        <gloss>instrumental</gloss>
                    </unit>
                </morpheme_analysis>
            </interlinear_gloss>
            <interlinear_gloss>
                <paralel_phrase>
                    <original>chunanik</original>
                    <translation>encalar</translation>
                </paralel_phrase>
                <morpheme_analysis>
                    <unit>
                        <form>chunanik</form>
                        <gloss>verbo intransitivo</gloss>
                    </unit>
                </morpheme_analysis>
            </interlinear_gloss>
            <interlinear_gloss>
                <paralel_phrase>
                    <original>chunanel</original>
                    <translation>encalador</translation>
                </paralel_phrase>
                <morpheme_analysis>
                    <unit>
                        <form>chunanel</form>
                        <gloss>agentivo</gloss>
                    </unit>
                </morpheme_analysis>
            </interlinear_gloss>
            <interlinear_gloss>
                <paralel_phrase>
                    <original>chunanem</original>
                    <translation>encalar</translation>
                </paralel_phrase>
                <morpheme_analysis>
                    <unit>
                        <form>chunanem</form>
                        <gloss>sustantivo verbal</gloss>
                    </unit>
                </morpheme_analysis>
            </interlinear_gloss>
        </seccion>
        <seccion tipo="Derivación de un adjetivo">
            <interlinear_gloss>
                <paralel_phrase>
                    <original>nim</original>
                    <translation>grande</translation>
                </paralel_phrase>
                <morpheme_analysis>
                    <unit>
                        <form>nim</form>
                        <gloss>adjetivo</gloss>
                    </unit>
                </morpheme_analysis>
            </interlinear_gloss>
            <interlinear_gloss>
                <paralel_phrase>
                    <original>unimal</original>
                    <translation>su grandeza</translation>
                </paralel_phrase>
                <morpheme_analysis>
                    <unit>
                        <form>unimal</form>
                        <gloss>sustantivo abstracto</gloss>
                    </unit>
                </morpheme_analysis>
            </interlinear_gloss>
            <interlinear_gloss>
                <paralel_phrase>
                    <original>nimarik</original>
                    <translation>agrandarse</translation>
                </paralel_phrase>
                <morpheme_analysis>
                    <unit>
                        <form>nimarik</form>
                        <gloss>verbo intransitivo</gloss>
                    </unit>
                </morpheme_analysis>
            </interlinear_gloss>
            <interlinear_gloss>
                <paralel_phrase>
                    <original>nimarisaj</original>
                    <translation>agrandar</translation>
                </paralel_phrase>
                <morpheme_analysis>
                    <unit>
                        <form>nimarisaj</form>
                        <gloss>verbo transitivo</gloss>
                    </unit>
                </morpheme_analysis>
            </interlinear_gloss>
            <interlinear_gloss>
                <paralel_phrase>
                    <original>nimalaj</original>
                    <translation>muy grande</translation>
                </paralel_phrase>
                <morpheme_analysis>
                    <unit>
                        <form>nimalaj</form>
                        <gloss>superlativo</gloss>
                    </unit>
                </morpheme_analysis>
            </interlinear_gloss>
            <interlinear_gloss>
                <paralel_phrase>
                    <original>nimarisanik</original>
                    <translation>agrandar</translation>
                </paralel_phrase>
                <morpheme_analysis>
                    <unit>
                        <form>nimarisanik</form>
                        <gloss>verbo intransitivo</gloss>
                    </unit>
                </morpheme_analysis>
            </interlinear_gloss>
            <interlinear_gloss>
                <paralel_phrase>
                    <original>nimarisanel</original>
                    <translation>agrandador</translation>
                </paralel_phrase>
                <morpheme_analysis>
                    <unit>
                        <form>nimarisanel</form>
                        <gloss>agentivo</gloss>
                    </unit>
                </morpheme_analysis>
            </interlinear_gloss>
            <interlinear_gloss>
                <paralel_phrase>
                    <original>nimarisanem</original>
                    <translation>agrandar</translation>
                </paralel_phrase>
                <morpheme_analysis>
                    <unit>
                        <form>nimarisanem</form>
                        <gloss>sustantivo verbal</gloss>
                    </unit>
                </morpheme_analysis>
            </interlinear_gloss>
        </seccion>
        <seccion tipo="Derivación de un posicional">
            <interlinear_gloss>
                <paralel_phrase>
                    <original>ketelik</original>
                    <translation>está</translation>
                </paralel_phrase>
                <morpheme_analysis>
                    <unit>
                        <form>ketelik</form>
                        <gloss>redondo posicional</gloss>
                    </unit>
                </morpheme_analysis>
            </interlinear_gloss>
            <interlinear_gloss>
                <paralel_phrase>
                    <original>kete'ik</original>
                    <translation>ponerse</translation>
                </paralel_phrase>
                <morpheme_analysis>
                    <unit>
                        <form>kete'ik</form>
                        <gloss>redondo verbo intransitivo</gloss>
                    </unit>
                </morpheme_analysis>
            </interlinear_gloss>
            <interlinear_gloss>
                <paralel_phrase>
                    <original>keteb'a'</original>
                    <translation>ponerlo</translation>
                </paralel_phrase>
                <morpheme_analysis>
                    <unit>
                        <form>keteb'a'</form>
                        <gloss>redondo verbo transitivo</gloss>
                    </unit>
                </morpheme_analysis>
            </interlinear_gloss>
            <interlinear_gloss>
                <paralel_phrase>
                    <original>ketekik</original>
                    <translation>redondo</translation>
                </paralel_phrase>
                <morpheme_analysis>
                    <unit>
                        <form>ketekik</form>
                        <gloss>descriptivo</gloss>
                    </unit>
                </morpheme_analysis>
            </interlinear_gloss>
            <interlinear_gloss>
                <paralel_phrase>
                    <original>keteb'al</original>
                    <translation>instrumento</translation>
                </paralel_phrase>
                <morpheme_analysis>
                    <unit>
                        <form>keteb'al</form>
                        <gloss>instrumental</gloss>
                    </unit>
                </morpheme_analysis>
            </interlinear_gloss>
        </seccion>
        <seccion tipo="Derivación de un intransitivo">
            <interlinear_gloss>
                <paralel_phrase>
                    <original>atinik</original>
                    <translation>bañar</translation>
                </paralel_phrase>
                <morpheme_analysis>
                    <unit>
                        <form>atinik</form>
                        <gloss>intransitivo</gloss>
                    </unit>
                </morpheme_analysis>
            </interlinear_gloss>
            <interlinear_gloss>
                <paralel_phrase>
                    <original>atinem</original>
                    <translation>bañar</translation>
                </paralel_phrase>
                <morpheme_analysis>
                    <unit>
                        <form>atinem</form>
                        <gloss>sustantivo verbal</gloss>
                    </unit>
                </morpheme_analysis>
            </interlinear_gloss>
            <interlinear_gloss>
                <paralel_phrase>
                    <original>xinratinisaj</original>
                    <translation>me bañó</translation>
                </paralel_phrase>
                <morpheme_analysis>
                    <unit>
                        <form>xinratinisaj</form>
                        <gloss>transitivo (derivado)</gloss>
                    </unit>
                </morpheme_analysis>
            </interlinear_gloss>
            <interlinear_gloss>
                <paralel_phrase>
                    <original>atininaq</original>
                    <translation>bañado</translation>
                </paralel_phrase>
                <morpheme_analysis>
                    <unit>
                        <form>atininaq</form>
                        <gloss>perfectivo</gloss>
                    </unit>
                </morpheme_analysis>
            </interlinear_gloss>
        </seccion>
        <seccion tipo="Derivación de un transitivo">
            <interlinear_gloss>
                <paralel_phrase>
                    <original>xub'ano</original>
                    <translation>lo hizo</translation>
                </paralel_phrase>
                <morpheme_analysis>
                    <unit>
                        <form>xub'ano</form>
                        <gloss>transitivo</gloss>
                    </unit>
                </morpheme_analysis>
            </interlinear_gloss>
            <interlinear_gloss>
                <paralel_phrase>
                    <original>b'anik</original>
                    <translation>hacer</translation>
                </paralel_phrase>
                <morpheme_analysis>
                    <unit>
                        <form>b'anik</form>
                        <gloss>intransitivo</gloss>
                    </unit>
                </morpheme_analysis>
            </interlinear_gloss>
            <interlinear_gloss>
                <paralel_phrase>
                    <original>b'anom</original>
                    <translation>hecho</translation>
                </paralel_phrase>
                <morpheme_analysis>
                    <unit>
                        <form>b'anom</form>
                        <gloss>perfectivo</gloss>
                    </unit>
                </morpheme_analysis>
            </interlinear_gloss>
            <interlinear_gloss>
                <paralel_phrase>
                    <original>b'anal</original>
                    <translation>el que hace</translation>
                </paralel_phrase>
                <morpheme_analysis>
                    <unit>
                        <form>b'anal</form>
                        <gloss>agentivo</gloss>
                    </unit>
                </morpheme_analysis>
            </interlinear_gloss>
            <interlinear_gloss>
                <paralel_phrase>
                    <original>b'anib'al</original>
                    <translation>instrumento</translation>
                </paralel_phrase>
                <morpheme_analysis>
                    <unit>
                        <form>b'anib'al</form>
                        <gloss>instrumental</gloss>
                    </unit>
                </morpheme_analysis>
            </interlinear_gloss>
        </seccion>
    </pagina>
</documento>
```
</documento>